-- phpMyAdmin SQL Dump
-- version 5.2.1
-- https://www.phpmyadmin.net/
--
-- Host: 127.0.0.1
-- Generation Time: Sep 12, 2023 at 08:40 AM
-- Server version: 10.4.28-MariaDB
-- PHP Version: 8.2.4

SET SQL_MODE = "NO_AUTO_VALUE_ON_ZERO";
START TRANSACTION;
SET time_zone = "+00:00";


/*!40101 SET @OLD_CHARACTER_SET_CLIENT=@@CHARACTER_SET_CLIENT */;
/*!40101 SET @OLD_CHARACTER_SET_RESULTS=@@CHARACTER_SET_RESULTS */;
/*!40101 SET @OLD_COLLATION_CONNECTION=@@COLLATION_CONNECTION */;
/*!40101 SET NAMES utf8mb4 */;

--
-- Database: `database`
--

-- --------------------------------------------------------

--
-- Table structure for table `admin_data`
--

CREATE TABLE `admin_data` (
  `adminId` int(11) NOT NULL,
  `name` varchar(55) NOT NULL,
  `phone` bigint(20) NOT NULL,
  `email` varchar(55) NOT NULL,
  `password` varchar(255) NOT NULL,
  `role` varchar(55) NOT NULL DEFAULT 'admin'
) ENGINE=InnoDB DEFAULT CHARSET=utf8mb4 COLLATE=utf8mb4_general_ci;

--
-- Dumping data for table `admin_data`
--

INSERT INTO `admin_data` (`adminId`, `name`, `phone`, `email`, `password`, `role`) VALUES
(1, 'Admin', 9800000000, 'admin@gmail.com', '$2y$10$bKa8SdO1HgYb2PWkGLHyPu8DKmIIyLIuwuz2NWCUlzMtDHM8Ypro6', 'admin');

-- --------------------------------------------------------

--
-- Table structure for table `admission_data`
--

CREATE TABLE `admission_data` (
  `admissionId` int(11) NOT NULL,
  `username` varchar(55) NOT NULL,
  `phone` bigint(20) NOT NULL,
  `email` varchar(55) NOT NULL,
  `collegeId` varchar(555) NOT NULL,
  `title` varchar(100) NOT NULL,
  `message` text NOT NULL
) ENGINE=InnoDB DEFAULT CHARSET=utf8mb4 COLLATE=utf8mb4_general_ci;

--
-- Dumping data for table `admission_data`
--

INSERT INTO `admission_data` (`admissionId`, `username`, `phone`, `email`, `collegeId`, `title`, `message`) VALUES
(1, 'User', 9800000000, 'user@gmail.com', '1', 'BCA', ''),
(2, 'User', 9800000000, 'user@gmail.com', '16', 'BSc. Computing', ''),
(3, 'User', 9800000000, 'user@gmail.com', '2', 'BSc. Computing', ''),
(4, 'User', 9800000000, 'user@gmail.com', '16', 'BSc. CSIT', ''),
(5, 'User', 9800000000, 'user@gmail.com', '6', 'BSc. CNIT', ''),
(6, 'User', 9800000000, 'user@gmail.com', '1', 'BA', ''),
(7, 'User', 9800000000, 'user@gmail.com', '8', 'BSc. Agriculture', ''),
(8, 'User', 9800000000, 'user@gmail.com', '1', 'BTTM', ''),
(9, 'User', 9800000000, 'user@gmail.com', '5', 'BSc. Agriculture', ''),
(10, 'User', 9800000000, 'user@gmail.com', '7', 'BSc. HFM', ''),
(12, 'asdasd', 232424, 'ad@asdads', '1', 'undefined', ''),
(13, 'asdaafaca', 2321313123, 'asdad@asdad', '1', 'undefined', ''),
(14, 'asdas', 122, 'w@asd', '2', 'undefined', ''),
(15, 'a', 32, 'a@asd', '1', 'undefined', ''),
(16, 'fas', 23131, 'dsasd@asdads', '1', 'undefined', ''),
(17, 'fcas', 43, 'adadsa@asdad', '1', 'undefined', ''),
(18, 'User', 9800000000, 'user@gmail.com', '1', 'undefined', ''),
(19, 'aca', 34242, 'casa@sda', '1', 'undefined', ''),
(20, 'asdadcas', 533, 'adsDasd@asdad', '2', 'undefined', ''),
(21, 'vvvv', 65, 'vvv@vvv', '1', 'undefined', 'cascacs'),
(22, 'cascaca', 6, 'cacsacac@faa', '1', 'undefined', ''),
(23, 'sadadf', 67, 'cascas@faca', '2', 'undefined', ''),
(24, 'sfascascac', 123, 'cascascacacsa@afaf', '2', 'undefined', ''),
(25, 'k', 666, 'h@bdvs', '1', 'undefined', '');

-- --------------------------------------------------------

--
-- Stand-in structure for view `authentication`
-- (See below for the actual view)
--
CREATE TABLE `authentication` (
`name` varchar(250)
,`email` varchar(55)
,`password` varchar(255)
,`role` varchar(55)
);

-- --------------------------------------------------------

--
-- Table structure for table `chatbot`
--

CREATE TABLE `chatbot` (
  `id` int(11) NOT NULL,
  `queries` varchar(555) NOT NULL,
  `replies` varchar(555) NOT NULL
) ENGINE=InnoDB DEFAULT CHARSET=utf8mb4 COLLATE=utf8mb4_general_ci;

--
-- Dumping data for table `chatbot`
--

INSERT INTO `chatbot` (`id`, `queries`, `replies`) VALUES
(1, '', 'Hello there, how can I help you?\nMaybe searching these keywords might help: colleges, courses'),
(2, 'Creator/Developer', 'My creator is Rashik Chauhan.'),
(3, 'What is your name?', 'My name is HamroBot.'),
(4, 'How are you?', 'I\'m fine. How you doin\'?'),
(5, 'Colleges', ''),
(6, 'Courses', '');

-- --------------------------------------------------------

--
-- Table structure for table `college_course`
--

CREATE TABLE `college_course` (
  `collegeId` int(11) NOT NULL,
  `courseId` int(11) NOT NULL
) ENGINE=InnoDB DEFAULT CHARSET=utf8mb4 COLLATE=utf8mb4_general_ci;

--
-- Dumping data for table `college_course`
--

INSERT INTO `college_course` (`collegeId`, `courseId`) VALUES
(1, 1),
(1, 2),
(1, 3),
(1, 4),
(1, 5),
(1, 6),
(2, 7),
(2, 8),
(2, 9),
(2, 10),
(3, 2),
(3, 11),
(3, 12),
(3, 20),
(4, 5),
(4, 9),
(5, 10),
(6, 9),
(6, 27),
(7, 1),
(7, 3),
(7, 5),
(7, 20);

-- --------------------------------------------------------

--
-- Table structure for table `college_data`
--

CREATE TABLE `college_data` (
  `collegeId` int(11) NOT NULL,
  `name` varchar(100) NOT NULL,
  `overview` text NOT NULL,
  `message` text NOT NULL,
  `reason` text NOT NULL,
  `program` mediumtext NOT NULL,
  `phone` varchar(55) NOT NULL,
  `email` varchar(55) NOT NULL,
  `website` varchar(55) NOT NULL,
  `address` varchar(55) NOT NULL,
  `location` varchar(5000) NOT NULL,
  `logo` varchar(100) NOT NULL,
  `affiliation` varchar(55) NOT NULL
) ENGINE=InnoDB DEFAULT CHARSET=utf8mb4 COLLATE=utf8mb4_general_ci;

--
-- Dumping data for table `college_data`
--

INSERT INTO `college_data` (`collegeId`, `name`, `overview`, `message`, `reason`, `program`, `phone`, `email`, `website`, `address`, `location`, `logo`, `affiliation`) VALUES
(1, 'Kathford International College of Engineering and Management ', 'Kathford International College of Engineering and Management is a highly-ranked college dedicated to inspiring teaching, excellent student experience, and strong employability. Established in 2003 and located at the heart of the city of Kathmandu, Kathford gives students access to outstanding faculty and excellent resources. Kathford is one of only a handful colleges affiliated to Tribhuvan University with diverse programs of Engineering and Management.<br /><br />\r\nA home to over 1000 students, Kathford has been producing highly competitive graduates and scholars since inception. Kathford is founded with the vision to become a leading education hub that provides transformative education for students stimulating their curiosity and enables them to turn their aspiration into a lasting basis for success, social impact and continuous learning. The college offers a unique combination of student-centered pedagogy in conjunction with laboratory, field, project and research works. Kathford’s strong alumni base, who have turned into market leaders, entrepreneurs and scholars, is among the reasons why Kathford is the best place to study bachelor’s degree. Kathford encourages students to become the best they can by facilitating them with all kinds of resources and engaging them in numerous events and activities, giving them opportunity to experience true personal and professional growth. Kathford is a top engineering, management and IT college. ', 'We at Kathford International College of Engineering and Management have a profound belief in Quality, Affordability and Employability, and we have been delivering it since 2003. Through outstanding academic results, amazing learning resources, expert faculty members, inspiring leaning platforms and encouraging co-curricular activities, we have demonstrated to be one of the best engineering and management colleges in Kathmandu. We take pride on our students with high aspirations, sound professional skills and confidence, and our graduates with amazing titles alongside their names.<br />\r\nKathford ensures that the University curricula of these courses are supplemented with rigorous laboratory exercises. industry exposure, skills oriented activities and competitions and training and workshops based on our philosophy-Learning Beyond the Classroom. We realize your dream of becoming a successful professional in your career and an influential person in the society, and we lay our best efforts to help you become one. ', 'Kathford International College of Engineering & Management is at a prime location in Balkumari, Lalitpur and is easily to get by.<br />\r\nWith more than a decade of successful functioning, the college faculty of the teaching and nonteaching staff consists of professionals and experts who have years of experience and practice in their respective area of study.<br />\r\nKathford International focuses on practical methods of teaching and learning and conducts regular field visit with seminars, workshops, interactive programs as well as group discussion classes on a routine basis.<br />\r\nThere are provisions of financial support and scholarship provisions to the deserving candidates.<br />\r\nExaminations and assessments in terms of classroom attendance, assignments, project works and field visits, oral and written tests are carried out throughout the academic session to evaluate the academic performance of the students.', 'BSc Computer Science and Information Technology<br />\r\nBachelor of Computer Engineering<br />\r\nBachelor of Business Administration<br />\r\nBachelor of Computer Application<br />\r\nBachelor of Civil Engineering<br />\r\nBachelor of Business Management<br />\r\nBachelor of Electronics, Communication and Information Engineering<br />\r\nMaster of Business Studies', '01-5201241, 01-5201911', 'admission@kathford.edu.np', 'https://kathford.edu.np/', 'Balkumari, Lalitpur', '<iframe src=\"https://www.google.com/maps/embed?pb=!1m18!1m12!1m3!1d2258.2816138510298!2d85.33928794750402!3d27.673914306577625!2m3!1f0!2f0!3f0!3m2!1i1024!2i768!4f13.1!3m3!1m2!1s0x39eb19e8d9058ce3%3A0x5f9f01647e956594!2sKathford%20International%20College!5e0!3m2!1sen!2snp!4v1692805965695!5m2!1sen!2snp\" width=\"850\" height=\"450\" style=\"border:0;\" allowfullscreen=\"\" loading=\"lazy\" referrerpolicy=\"no-referrer-when-downgrade\"></iframe>\"', 'kathford.png', 'TU'),
(2, 'Islington College', 'Islington College in Kathmandu has been offering world-class education in business and information technology since 1996. In collaboration with London Metropolitan University, the college promises to provide globally recognized degrees. The college is committed to delivering education that goes beyond the pages of a textbook.<br />\r\n<br />\r\nFurthermore, there are no concessions provided in terms of student resources and needs. Islington College guarantees that all critical components are provided through a real-world experience in which students engage in business excursions and meetings. Various professionals and academics have been asked to conduct lectures on their respective subjects in order to broaden students\' interest and increase their knowledge and comprehension. They have been providing all the necessary skills that an individual requires to achieve success through an updated course that students will benefit on developing those ideas and implement in real life. Islington College endeavours their journey focusing on maximizing their potential and meeting their ambition with an assurance to enhance technical competencies among students. The college practices and fosters a vibrant culture that emerges from our daily organizational traditions. Islington believes that combining education with an environment that fosters creativity leads to greater growth. Islington College takes pride in producing industry-ready graduates by honing their skills via a stunning combination of knowledge and creativity.', 'Welcome to Islington College, the premier college in Nepal, offering world-class IT and Business academic qualifications. Islington College has a long and proud track record in providing high-calibre human capital to the IT and Business industry since 1996. We offer high-quality overseas degree programmes through partnerships with established international universities and institutions from Singapore and the UK. Islington College takes an innovative approach to providing access to affordable higher education and bringing the learning experience beyond textbooks and classrooms to engage the mind, body and spirit of our students. Partnering with leading universities and institutions across the world, we offer the most sought after undergraduate and postgraduate programmes, combined with current industry practices to help students connect with the competitive employment market.', 'Exposure to the international industry through field-based visits. <br />\r\nModern and practical education-based college dedicated to quality academic performance and student experience.<br />\r\nLong experience in providing quality and industry-ready IT and Business.<br />\r\nPartnership with established international universities and institutions from UK and Singapore.<br />\r\nContribution to society locally, nationally, and internationally.<br />\r\nLearning experience beyond textbooks and classrooms.<br />\r\nExposure to industry\'s working through experiential learning as well as workshops and lecture sessions by global and local experts in the sector. ', 'BSc (Hons) Computing<br />\r\nBSc (Hons) Computer Networking and IT Security<br />\r\nBSc (Hons) Multimedia Technologies<br />\r\nBSc (Hons) Mobile Application Development<br />\r\nBSc (Hons) Computing with Artificial Intelligence<br />\r\nBBA with Specialization in International Business<br />\r\nBBA with Specialization in Digital Business Management<br />\r\nBBA with Specialization in Advertising and Marketing<br />\r\nBachelor Degree in Accounting & Finance<br />\r\nBBA with Specialisation in Events and Tourism Management<br />\r\nMSc IT & Applied Security', '01-4512929, 9801022446', 'info@islington.edu.np', 'https://islington.edu.np/', 'Kamalpokhari, Kathmandu', '<iframe src=\"https://www.google.com/maps/embed?pb=!1m18!1m12!1m3!1d3532.3118409609788!2d85.32266147536912!3d27.707656476182468!2m3!1f0!2f0!3f0!3m2!1i1024!2i768!4f13.1!3m3!1m2!1s0x39eb1908434cb3c5%3A0x1fdf1a6d41d2512d!2sIslington%20College!5e0!3m2!1sen!2snp!4v1684860534536!5m2!1sen!2snp\" width=\"600\" height=\"450\" style=\"border:0;\" allowfullscreen=\"\" loading=\"lazy\" referrerpolicy=\"no-referrer-when-downgrade\"></iframe>', 'islington.png', 'International'),
(3, 'St. Xavier\'s College', 'St. Xavier\'s College, located at Maitighar, Kathmandu is an educational institution of higher learning established in 1988 AD. Since its very inception the college has been offering quality education and has contributed to the development of the nation through the production of highly qualified human resources.<br />\r\n<br />\r\nSt.Xavier\'s College seeks to foster competence, creativity, and innovative spirit, throughout and beyond the years spent in college. At the end of their studies at St.Xavier\'s, students are expected to enter the larger world with socially responsible goals, a lifelong appetite for learning and the desire to better the world. Students are also expected to be prepared to use their god-given talents not only for personal fulfillment but also for service unto others. St.Xavier\'s College promotes constructive student-teacher contact and encourages students to develop their full potential for leadership. The intelligent pursuit of excellence and a variety of activities which students are exposed to college are intended to produce moral leaders who will champion the values of truth, justice, and peace.', 'Fr. Jiju Varghese, the principal of the St. Xavier’s, believes in forming men and women with academic excellence and greater moral standards. He wants them to be socially responsible. Founded in 1988, the college has been welcoming students and offering a rigorous education in business, arts, science, and more. The college not only emphasizes of quality education, but it also highly emphasized on developing strong values among the students.', 'Internationally recognized college.<br />\r\nEmphasis on character formation, independence and responsibility.<br />\r\nEmphasis on co-curricular and extracurricular activities.<br />\r\nExcellent track records with students achieving outstanding results in Nepal.<br />\r\nGraduates successfully admitted to various prestigious universities.', 'Bachelor of Information Management<br />\r\nBSc Computer Science and Information Technology<br />\r\nBSc Microbiology<br />\r\nBSc Physics<br />\r\nBachelor of Arts<br />\r\nBachelor of Business Studies<br />\r\nMaster of Business Studies<br />\r\nMSc Physics<br />\r\nMSc Microbiology<br />\r\nBachelor of Arts in Major English<br />\r\nBachelor of Arts in Social Work<br />\r\nBachelor of Arts in Psychology<br />\r\nBachelor of Arts in Journalism and Mass Communication', '01-4221365, 01-4244636', 'ktm@sxc.edu.np', 'https://sxc.edu.np/', 'Maitighar, Kathmandu', '<iframe src=\"https://www.google.com/maps/embed?pb=!1m18!1m12!1m3!1d3532.7761952739047!2d85.31855417536853!3d27.693311276190624!2m3!1f0!2f0!3f0!3m2!1i1024!2i768!4f13.1!3m3!1m2!1s0x39eb19b032e93fc1%3A0x4a61dc499d928027!2sSt.%20Xavier&#39;s%20College!5e0!3m2!1sen!2snp!4v1684862060732!5m2!1sen!2snp\" width=\"600\" height=\"450\" style=\"border:0;\" allowfullscreen=\"\" loading=\"lazy\" referrerpolicy=\"no-referrer-when-downgrade\"></iframe>', 'st-xavier.png', 'KU'),
(4, 'Naaya Aayam Multi-disciplinary Institute (NAMI) College', 'Naaya Aayam Multi-Disciplinary Institute (NAMI) College is one of the college operating in Nepal. It has been initiated by a group of like minded distinguished and committed Nepali citizens, who have established it with a view to contribute to the social and economic growth of Nepal through the established of a center of excellence for education. NAMI is being developed as Nepal’s premium Educational Institution in partnership with the University of Northampton (UN), United Kingdom. NAMI aims to bring world class education to Nepal. NAMI students will be registered as University of Northampton students. UN & NAMI faculty will jointly deliver all curriculum as designed by UN & approved by Government of Nepal. Upon graduation, NAMI students will be awarded a University of Northampton degree. NAMI students will also be eligible to transfer credits to UN after Year 2 and to attend the graduation ceremony in the UK.', 'At NAMI, we are committed in taking constructive and purposeful actions to produce optimistic, independent, compassionate, life-long learners and leaders who will bring glory to the nation. We support our students to become independent life-long learners who are anchored in sound moral values, creative and enthusiastic in facing the future life challenges. All our faculties and staff are committed to providing the best learning experience for all our students so as to bring out their best performance. At NAMI, we try our level best to provide all our students a caring, safe and rich learning environment where our students get the opportunity to learn, dream, explore, experiment and grow. Our focus is on developing the skills for academic alongside building skills and understanding which help them to explore their true potential. We encourage and support each student to achieve their personal best, to be self-aware, enquiring and resourceful, a well-rounded individual with an independent mind who respects and empathizes with others. It is our aim to motivate our students and make them confident and hardworking so that they fulfill their ambitions and live a purposeful life.', 'Highly guaranteed employability.<br />\r\nSocially responsible citizen.<br />\r\nMagnanimous leaders for tomorrow\'s Nepal.', 'Bachelor of Business Administration<br />\r\nBSc (Hons) Computing<br />\r\nBSc (Hons) Software Engineering<br />\r\nBSc (Hons) Network Engineering<br />\r\nBSc (Hons) Environmental Science', '01-4917441, 01-4917442', 'info@nami.edu.np', 'https://nami.edu.np/', 'Jorpati, Kathmandu', '<iframe src=\"https://www.google.com/maps/embed?pb=!1m18!1m12!1m3!1d8709.096557503617!2d85.37743190453963!3d27.72072978286406!2m3!1f0!2f0!3f0!3m2!1i1024!2i768!4f13.1!3m3!1m2!1s0x39eb1bbf46821009%3A0xb8e1a147cb4dc56c!2sNaya%20Aayam%20Multi-Disciplinary%20Institute!5e0!3m2!1sen!2snp!4v1684862827469!5m2!1sen!2snp\" width=\"600\" height=\"450\" style=\"border:0;\" allowfullscreen=\"\" loading=\"lazy\" referrerpolicy=\"no-referrer-when-downgrade\"></iframe>', 'nami.png', 'International'),
(5, 'Herald College', 'Herald College is dedicated to offering degrees with global recognition at the most reasonable price. Each student has received guidance, inspiration, and value from Herald\'s resourceful expertise by acquiring the necessary training to compete in the job market. Through industry visits and internship programs in a skill-based learning environment, students are provided with a worldwide platform. At Herald, the setting and teaching methods are identical to those in the UK. Herald\'s intellectual strength promotes practical education that equips students to effect change for a brighter future. Pushing forward the boundaries of knowledge and making a strong impact in individual’s life, Herald College has been offering the finest UK University education at most affordable fees. Herald offers Bachelor Degrees in Computer Science and International Business Management in direct partnership with University of Wolverhampton, UK. They deliver a great impact and value from unique teaching method, meeting the international standards.', 'Welcome to Herald College Kathmandu, offering globally renowned and internationally recognised IT and Business Degree programmes. We encourage high-level learning and actively involve students in cutting-edge research activities, expose them to new challenges and produce individuals capable of facing and resolving complex issues in the real world. Our college has been able to successfully instil the value of innovation among students through quality education. Our students graduate as professionals, as we embed employability and entrepreneurship into our curriculum through practice-based learning, projects, industry partnerships and internship opportunities. This enables our students to create their own network and gain work experience while completing the course. We hope to fulfil your dreams of having a pleasant college experience.', 'Herald College provides a global exposure and an international degree at most affordable fees.<br />\r\nThe entire module is designed, approved and delivered by the University of Wolverhampton, UK. Students do not have to face any hassle regarding the credit-transfer as we are direct partners with the university.<br />\r\nConsidering effort, aptitude and knowledge, Herald College Kathmandu organises a competition every year where 2-4 students are awarded with scholarships to participate in 15-Day-Summer-Camp.', 'BSc (Hons) International Business Management<br />\r\nBSc (Hons) in Computer Science<br />\r\nInternational Master of Business Administration', '01-5970120, 9801022637', 'info@heraldcollege.edu.np', 'https://heraldcollege.edu.np/', 'Naxal, Kathmandu', '<iframe src=\"https://www.google.com/maps/embed?pb=!1m18!1m12!1m3!1d3532.168154184681!2d85.32819117536921!3d27.712093976179823!2m3!1f0!2f0!3f0!3m2!1i1024!2i768!4f13.1!3m3!1m2!1s0x39eb196de5da5741%3A0x652792640c70ede9!2sHerald%20College%20Kathmandu!5e0!3m2!1sen!2snp!4v1684863712302!5m2!1sen!2snp\" width=\"600\" height=\"450\" style=\"border:0;\" allowfullscreen=\"\" loading=\"lazy\" referrerpolicy=\"no-referrer-when-downgrade\"></iframe>', 'herald.png', 'International'),
(6, 'The British College', 'The British College is a nationally leading education provider for students of Nepal who are seeking for internationally recognized qualifications from UK universities. It is centrally located in Trade Tower Business Center in Thapathali, Kathmandu, and was established in 2012 A.D. It offers internationally recognized degrees and courses which are relevant to the current job market, enhancing every student’s employability. Thus, the college leads its quality through distinctive and spearheading approach of learning as a pioneering International college in Nepal.<br />\r\n<br />\r\nThe British College has been improvising in its every exchange of learning through the advancement of teaching methodologies as well as equipping with infrastructures that will help in preparing its students in the competitive market. It thus attracts the best and brightest students offering extraordinary academic experiences transcending international boundaries with a provocative cut. Being the pioneering International College in Nepal, it also provides its students with unparalleled international exposure and experiences. The institution has its local-to-global approach defining characteristic methodology in the arrangement of its degrees and courses. A few of the highlights of the college approach of learning include student exchange programmes and internships with multinational companies as its exceptional students experience. It provides the best global training in Nepal through unmatched coaches and managerial faculty staff from the UK and Nepal. The British College offers Undergraduate Programmes and Postgraduate Programmes which are granted by two UK colleges: ', 'The British College (TBC) offers a real opportunity to develop through education.  Offering courses that provide the knowledge and skills needed by employers, TBC has successfully delivered British degrees for almost 10 years and 1510 students have successfully graduated from the college. TBC prides itself on giving an excellent student experience in partnership with British universities with high quality ratings and strong student support.  Students have the opportunity to study for part of the course in the UK and TBC is known for its alignment with industry and employability and teaching global perspectives.', 'TBC offers Undergraduate Programme and Postgraduate Programme which is awarded by University of the West of England and Leeds Beckett University.<br />\r\nThe British College aims to potentially open doors for joint ventures or business partnerships.<br />\r\nGain the same prestigious UK degree at one-fifth of the price.<br />\r\nThe student will earn a direct university degree rather than a degree awarded through a third party.<br />\r\nProvides International Mobility Programme to students to gain experience-based learning via visits to schools and industries, corporations and cultural arenas.', 'BBA (Hons) Business and Management<br />\r\nBSc (Hons) Hospitality Business Management<br />\r\nBSc (Hons) Cyber Security and Digital Forensics<br />\r\nBSc (Hons) Computing<br />\r\nBSc (Hons) Data Science<br />\r\nMBA (Executive)<br />\r\nMBA (Graduate)<br />\r\nMSc International Business Management<br />\r\nMSc Information and Technology<br />\r\nMSc Advanced Computer Science', '01-5970003', 'info@thebritishcollege.edu.np', 'https://thebritishcollege.edu.np/', 'Thapathali, Kathmandu', '<iframe src=\"https://www.google.com/maps/embed?pb=!1m18!1m12!1m3!1d3532.81429142162!2d85.31694337536848!3d27.69213407619128!2m3!1f0!2f0!3f0!3m2!1i1024!2i768!4f13.1!3m3!1m2!1s0x39eb19b19295555f%3A0xabfe5f4b310f97de!2sThe%20British%20College!5e0!3m2!1sen!2snp!4v1684891247526!5m2!1sen!2snp\" width=\"600\" height=\"450\" style=\"border:0;\" allowfullscreen=\"\" loading=\"lazy\" referrerpolicy=\"no-referrer-when-downgrade\"></iframe>', 'british.png', 'International'),
(7, 'Thames International College', 'Thames International College is recognized as a high-quality academic institution that provides range of bachelor programs. It is located among the busiest place of Kathmandu, Purano Baneshwor with diverse society where college can include students from every corner of Nepal. Thames International College consists of two schools based on field of study, School of Business and Technology and School of Social Sciences.<br />\r\n<br />\r\nThames International College has gained reputation from not only through its education excellence but also through full dedication from experienced academicians and excellent learning environment. Thames International College has been focusing on how to prepare students to deal with the real-world challenges and facilitate students on how to independently make appropriate choice. Special class rooms are configured to enhance interactive learning for students. Thames College provides bachelor degree in BBA, BBM, BBS, BIM, BCA and BA degree is Social Work (BSW), Rural Development (BRD), Journalism and Mass Communication (BJM), Sociology (BSO) and Psychology (BPsy).', 'Thames is more than just a place where you come to study for your degree. It is a community of students and faculty from diverse background coming together with a common belief that learning is a lifelong process. On one hand, you will always find being pushed to take responsibility of your own learning while on the other hand you will be encouraged to question, challenge and critically reflect both in and outside the classroom. Through our integrated Liberal Arts Programs, you will have many opportunities to learn about the wider world, while you continue to develop the expertise in the area of your own interest. You will be offered Community Service opportunities to develop understanding of the contemporary social issues both at global and local level.', 'The college is operated by the ideologies and strategies of professional leaders.<br />\r\nThe college has a student-centric environment and encourages students to explore for themselves.<br />\r\nSocial works and corporate social responsibilities are in the blood of the college. They, along with the students participate in various social works.<br />\r\nThis college focuses a lot on extracurricular activities in addition to the regular course matters.<br />\r\nThe practical skills and knowledge are given priority by the college by making students involve in various group works and projects. ', 'Bachelor of Business Administration<br />\r\nBachelor of Information Management<br />\r\nBachelor of Arts in Social Work<br />\r\nBachelor of Business Studies<br />\r\nBachelor of Computer Application<br />\r\nBachelor of Business Management<br />\r\nBachelor of Arts in Psychology<br />\r\nBachelor of Arts in Rural Development<br />\r\nBachelor of Arts in Journalism and Mass Communication<br />\r\nBachelor of Arts in Sociology', '01-4464584, 01-4465660', 'info@thamescollege.edu.np', 'https://thamescollege.edu.np/', 'Old Baneshwor, Kathmandu', '<iframe src=\"https://www.google.com/maps/embed?pb=!1m18!1m12!1m3!1d3532.514650144684!2d85.33938287536884!3d27.70139197618598!2m3!1f0!2f0!3f0!3m2!1i1024!2i768!4f13.1!3m3!1m2!1s0x39eb199c61d90871%3A0x65bf3fdd91140c2a!2sThames%20International%20College!5e0!3m2!1sen!2snp!4v1684944961366!5m2!1sen!2snp\" width=\"600\" height=\"450\" style=\"border:0;\" allowfullscreen=\"\" loading=\"lazy\" referrerpolicy=\"no-referrer-when-downgrade\"></iframe>', 'thames.png', 'TU'),
(8, 'Triton International College', 'Triton is an institution dedicated to develop career of the students as self-dependent so that they can establish themselves as Science and Management professionals like administrators, researchers, skillful managers, scientists, engineers, doctors, C.A., journalists etc. in the market of service and manufacturing industries. <br />\r\n<br />\r\nTriton is dedicated unconditionally to provide quality education to the 21st century generation in keeping pace with traditional culture and values. It provides common responsibility to pay major role as pathfinder for elders, colleagues as well as parents. Triton International Sec. School / College have been brought under the Triton International Foundation umbrella and it is run by a team of renowned academicians and promoted by a successful and prestigious corporate house of the nation. A true dedication to quality education and imparting practical knowledge to the Tritonians is being accelerated in real sense by this new resourceful, experienced, and visionary team.', 'This institution has been providing unparalleled quality of knowledge and learning. The qualified, experienced and proficient faculties, apt academic environment, qualitative and reliable preparation methods and materials, multimedia based classes are the landmarks of this institution. Besides, the management is helpful and student friendly. <br />\r\n<br />\r\nAdditionally to equip the students with self-confidence and skill, it offers guest lectures by renowned academic personalities, conducts model interview session and offers academic counselling classes too. As a result of this distinctive features, Triton always prides on the fact that it produces intellectually adept and socially and technically sound persona. Moreover, we believe that hard work dedication and perseverance are the most important features in the person that lead to success. And of course we offer the very traits in you all and also prepare you all for an active participation in the world.', 'Affordable fees<br />\r\nProvide quality education in all the courses available<br />\r\nJob placement<br />\r\nHighly competent and time-tested professors<br />\r\nHelp students to refine their individual personalities and qualities', 'Bachelor of Arts in Social Work<br />\r\nBachelor of Business Studies<br />\r\nBachelor of Computer Application<br />\r\nMaster of Business Studies', '01-5104450, 01-5104529', 'info@triton.edu.np', 'https://triton.edu.np/', 'Tinkune, Kathmandu', '<iframe src=\"https://www.google.com/maps/embed?pb=!1m18!1m12!1m3!1d3533.124972400137!2d85.34121717536816!3d27.68253207619669!2m3!1f0!2f0!3f0!3m2!1i1024!2i768!4f13.1!3m3!1m2!1s0x39eb1992ab460d33%3A0x6210de13a55d9f97!2sTriton%20International%20College!5e0!3m2!1sen!2snp!4v1684945428879!5m2!1sen!2snp\" width=\"600\" height=\"450\" style=\"border:0;\" allowfullscreen=\"\" loading=\"lazy\" referrerpolicy=\"no-referrer-when-downgrade\"></iframe>', 'triton.png', 'TU'),
(9, 'Quest International College', 'Quest International College, established in 2009 AD is located in Gwarko, Lalitpur. Ideal setting for learning, it has been envisioned to remain as the center for Academic Excellence in management education and development by imparting quality management education, professional development skills, and capabilities, and contributing significantly in the field of research and development. Quest offers BBA, BHM, and MBA with affiliation from Pokhara University. At Quest International College, students actively engage in the challenges of today\'s global business with analytical and rigorous thinking. Students learn how to make decisions, reason strategically, and understand the dimensions of a business problem.', 'Quest International College runs Master of Business Administration (MBA), Bachelor of Business Administration (BBA), and Bachelor in Hotel Management (BHM), affiliated with Pokhara University. These highly valued global degrees prepare students with sound knowledge and skills to be self-reliant and to embark on a rewarding career ahead. <br />\r\n<br />\r\nThe main objective of QIC is to provide quality education. You will know in course of time that we respect the individual differences of our students and value each of them as unique and potential individuals to become thoughtful and responsible leaders in the diverse areas of society and the global employment market. At Quest, you will find an excellent learning environment with adequate facilities, modern infrastructure, and an academic atmosphere. Hence, I would like to invite you to the college premises and hope for further interaction.', 'Emphasis on practical classes along with theories.<br />\r\nStudent-centered teaching methodology.<br />\r\nSpacious, sunny, and airy modern building with the peaceful and congenial academic atmosphere.<br />\r\nAmple scholarships available for deserving students.<br />\r\nCredit transfer facility in world-class universities (USA, UK, AUS, CANADA) for further education.<br />\r\nExtensive relationships with the corporate community and prestigious organizations for students exposure.<br />\r\nHighly equipped, sophisticated and resourceful laboratories and library.', 'Bachelor of Business Administration<br />\r\nBachelor of Hotel Management<br />\r\nMaster of Business Administration', '01-5547669, 01-5521950', 'info@quest.edu.np', 'https://quest.edu.np/', 'Gwarko, Lalitpur', '<iframe src=\"https://www.google.com/maps/embed?pb=!1m18!1m12!1m3!1d3533.592725286425!2d85.33030187536761!3d27.668069776205055!2m3!1f0!2f0!3f0!3m2!1i1024!2i768!4f13.1!3m3!1m2!1s0x39eb19dd0f2a8459%3A0x8cedc88c46edb8c8!2sQuest%20International%20College!5e0!3m2!1sen!2snp!4v1684945836819!5m2!1sen!2snp\" width=\"600\" height=\"450\" style=\"border:0;\" allowfullscreen=\"\" loading=\"lazy\" referrerpolicy=\"no-referrer-when-downgrade\"></iframe>', 'quest.png', 'PU'),
(10, 'Mid-Valley International College', 'Mid-Valley International College has been established by a group of Hospitality Professionals, Academicians, Entrepreneurs and Management experts with a view to prepare skilled human resource in order to enhance and upgrade the quality of hospitality industry and to promote domestic and international tourism in Nepal. Mid-Valley International College aims to be a centre for excellence in hospitality education in Nepal. This can be achieved by providing an enterprising and stimulating environment to the students.<br />\r\n<br />\r\nIt has a very good team of faculty members, academicians, and hotelier and hospitality consultant. The structure of the academic program combined with theories and practical experiences will ensure an international approach of teaching. The school is committed to provide excellent hospitality and tourism education that produce skilled manpower who are highly demanded in the global market.', 'Mid-Valley Int’l College provides students with the right mixture of academic, non-credit, soft skills, and industry exposure. We have collaborated with different industry partners like EUHOFA, PATA, SKILL LAB, NEPALI PAISA, and Fourth Valley Concierge to provide our students with opportunities to learn and get employability skills. I strongly believe that students should have 21st-century skills to help them work effectively in their workplace. We work around designing activities that help students to leverage their 21st-century skills and become the best version of themselves. We hope we can inculcate meaningful values in our learners to really make a difference in the world.', 'MVIC\'s staff members are committed to provide quality education from experienced professor/teachers.<br />\r\nProvide theoretical knowledge and practical skills that will be useful for the students at their workplace. <br />\r\nGives opportunities to students for using their knowledge and skills by motivating them to organize and manage events by themselves.', 'Bachelor of Business in Hospitality Management (Hons)<br />\r\nBachelor of Business Finance (Hons)<br />\r\nBachelor of Information Technology (Hons)', '01-4435188, 01-4437188', 'info@midvalley.edu.np', 'https://midvalley.edu.np/', 'Gyaneshwor, Kathmandu', '<iframe src=\"https://www.google.com/maps/embed?pb=!1m18!1m12!1m3!1d3532.3384000519086!2d85.32813517536903!3d27.706836176182893!2m3!1f0!2f0!3f0!3m2!1i1024!2i768!4f13.1!3m3!1m2!1s0x39eb190a692fc1c5%3A0xb1c8685679ee4aff!2sMid-Valley%20International%20College!5e0!3m2!1sen!2snp!4v1684946344416!5m2!1sen!2snp\" width=\"600\" height=\"450\" style=\"border:0;\" allowfullscreen=\"\" loading=\"lazy\" referrerpolicy=\"no-referrer-when-downgrade\"></iframe>', 'midvalley.png', 'International'),
(11, 'Institute of Management Studies', 'Looking for best college in town for business studies then you are right here at Institute of Management Studies established and managed by professionals from commercial banks, Industrialistsand different management experts. Institute of Management Studies offers business course with entrepreneurship and professional managerial skills in students.With a solo aim to generate the ingenious and creative ideas in students IMS has been continuously contributing students in making good corporate personnel.Our crew of highly qualified professionals with years of teaching experience will guide you through every problem you face during learning. Our staffs are cooperative and always willing to help the students in their problem. In addition to this, they will help you develop analytical skills and logical reasoning.<br />\r\n<br />\r\nInstitute of Management Studies focuses on overall development of the students by providing considerable extracurricular supplements and other overall leadership and personality development aids, constant interactions with corporate leaders having diverse capabilities, successive corporate case studies and problem solving exercises, and other student centered programs. This college provides BBA and BIM programs under bachelors level.', 'Institute of Management Studies has a management team composed of academicians and industry experts who understand the needs of the present corporate world. We have analyzed the existing gap between academia and industry and incorporated current professional & industry practices into teaching methodology. We have addressed this gap by upgrading the modality, duration, and methodology of course delivery and by developing different non-credit courses in different semesters.', 'Highly-qualified academic faculties with adequate experience and expertise in their field.<br />\r\nStudent Internship Assistance Program designed to develop your skills, enhance your CV and gain real-world experience.<br />\r\nCurrent professional, industry or commercial practices are included in teaching to ensure that you have the knowledge and skills sought by employers or for further study.', 'Bachelor of Business Administration<br />\r\nBachelor of Business Studies<br />\r\nBachelor of Information Management', '01-4102250, 01-4102251', 'ims@ims.edu.np', 'https://ims.edu.np/', 'Thapathali, Kathmandu', '<iframe src=\"https://www.google.com/maps/embed?pb=!1m18!1m12!1m3!1d3532.839328826811!2d85.31853097536846!3d27.69136037619165!2m3!1f0!2f0!3f0!3m2!1i1024!2i768!4f13.1!3m3!1m2!1s0x39eb19b1ae7a0d43%3A0xdbdd78cbf3676d9c!2sInstitute%20of%20Management%20Studies!5e0!3m2!1sen!2snp!4v1684977033750!5m2!1sen!2snp\" width=\"600\" height=\"450\" style=\"border:0;\" allowfullscreen=\"\" loading=\"lazy\" referrerpolicy=\"no-referrer-when-downgrade\"></iframe>', 'ims.png', 'TU'),
(12, ' Kathmandu College of Management', 'Kathmandu College of Management was established in 1997. This college is mainly provides management courses. The management courses available in this college are Bachelor in Business Administration in Marketing and Bachelor in Business Administration in Finance Banking. It is affiliated to Kathmandu University. This college is first BBA College which affiliated to Kathmandu University. The mission of the college is to produce competitive graduates. It is located in Lalitpur at Gwarko.', 'For more than two decades, Kathmandu College of Management (KCM) has maintained its niche as the leading B-school of Nepal. Dedicated to providing value-based management education, KCM’s focus has been on strengthening positive attitude and reinforcing the human and ethical qualities of future management leaders. The 4 year BBA curriculum has been shaped to ensure consistent involvement of students inside the classroom as well as their engagement in co-curricular activities outside the class for well balanced and all-round personality development.<br />\r\n<br />\r\nThe distinctive quality of management education maintained by KCM is further consolidated with the partnership with Siam University, Thailand. The focus of faculty and students has been to keep the KCM spirit soaring by ensuring that every graduate is equipped with the skills needed for global business leadership.', 'Case-based practical learning approach with curriculum relevant to the current market scenario<br />\r\nA student council with six clubs to promote synergistic culture while enhancing leadership and networking skills<br />\r\nA strong network of alumni spread across the world<br />\r\nOver 10 months of internship during the 4 year course<br />\r\nCareer Hub- a dedicated center for career counseling, internship and job placements<br />\r\nPartnerships with national and international organizations for exposure<br />\r\nCenter for Research Excellence- a center for research and academic journa', 'BBA Finance and Banking<br />\r\nBBA Marketing', '01-5201997, 01-5200746', 'kcm@kcm.edu.np', 'https://kcm.edu.np/', 'Gwarko, Lalitpur', '<iframe src=\"https://www.google.com/maps/embed?pb=!1m18!1m12!1m3!1d3533.751626507519!2d85.32738667536744!3d27.663155176207862!2m3!1f0!2f0!3f0!3m2!1i1024!2i768!4f13.1!3m3!1m2!1s0x39eb19dec6d801cf%3A0x4a85baf9a33139d1!2sKathmandu%20College%20of%20Management!5e0!3m2!1sen!2snp!4v1684977589524!5m2!1sen!2snp\" width=\"600\" height=\"450\" style=\"border:0;\" allowfullscreen=\"\" loading=\"lazy\" referrerpolicy=\"no-referrer-when-downgrade\"></iframe>', 'kcm.png', 'KU'),
(13, 'Institute of International Management Science (IIMS)', 'IIMS (Institute of International Management Science), located at Dhobidhara Kathmandu, has been running different IT, Hospitality and Management courses since 2010. It has established itself as one of the preferred college in Nepal amongst students wishing to continue their career in IT and Hospitality Management. Over the time, it has multiplied its association with various industries, has provided state of the art infrastructure, deployed experienced faculty members and has lived up to the expectation of students, which makes it an ideal place to pursue their career further.<br />\r\n<br />\r\nIIMS invites students to join its journey in educating IT and Hospitality Management professionals who are to be the leaders of tomorrow\'s world. It takes to final destination of bright career through holistic development of attitude, skill and knowledge. The college offers globally recognized B.Sc. (Hons) Computing and BA (Hons) Hospitality Management courses, under the affiliation to UCSI University for students who wish to make key transitions in their careers. It is designed to give rise to future professionals rather than mere degree holders. Institute of International Management Science has completely different approach to learning, going beyond bookish knowledge. Instead it sharpens technical skills through presentations, case studies, project works, workshops, training, industry visits, internships, and guest lectures by professionals and experts that helps deal with real life situations better.', 'Wish you a very warm welcome to IIMS. Everyone involved with IIMS is united by a common aspiration to make the world a better place. We are enthused by John F. Kennedy’s famous call to service: “Ask not what your country can do for you — ask what you can do for your country.”<br />\r\n<br />\r\nLearning and growth at IIMS are not restricted to classroom and academic experiences. Other kinds of opportunities abound, not the least of them the daily occasions for friendship and camaraderie with people from many different backgrounds and with a wide variety of interests. The extent to which each student takes advantage of the academic, extracurricular social opportunities and corporate exposures available here depends, in large measure, on the student’s own initiative. Students at IIMS learn to take responsibility for planning their own lives as professionals. The College has a dedicated team who support our students from their first application to the day they graduate. We know you too can find success at IIMS and we look forward to welcoming you as students.', 'Degree from top ranked university<br />\r\nWorld class infrastructure<br />\r\nSkilled and experienced faculty members with international exposure<br />\r\nTraining and personal development<br />\r\nOnly college offering 3 years, trimester system in under-graduate program<br />\r\nBest updated syllabus and firm schedule<br />\r\nPractical based learning', 'Bachelor of International Hospitality Management (Hons)<br />\r\nBachelor in Computer Science (Hons)', '01-4537318 , 01-4536383', 'info@iimscollege.edu.np', 'https://iimscollege.edu.np/', 'Dhobidhara Kathmandu', '<iframe src=\"https://www.google.com/maps/embed?pb=!1m18!1m12!1m3!1d3532.2734175496635!2d85.32101877536913!3d27.708843176181677!2m3!1f0!2f0!3f0!3m2!1i1024!2i768!4f13.1!3m3!1m2!1s0x39eb1908ed7fbacd%3A0x49b04b284da7a96f!2sIIMS%20College!5e0!3m2!1sen!2snp!4v1684978287871!5m2!1sen!2snp\" width=\"600\" height=\"450\" style=\"border:0;\" allowfullscreen=\"\" loading=\"lazy\" referrerpolicy=\"no-referrer-when-downgrade\"></iframe>', 'iims.png', 'International'),
(14, 'Asian Institute of Technology and Management', 'The Asian Institute of Technology & Management (AITM) is a private academic institution, which offers high-quality national and international undergraduate management courses in Nepal. It is located in the historical city of Lalitpur and operates from its fully owned premises, overlooking the three main cities of Kathmandu Valley. AITM is managed by educationists and professionals, having more than three decades of proven track record, with both national and international experience. AITM has one of the best facilities in the country, outstanding faculty, world class infrastructure and is equipped with state-of-the-art facility. AITM wishes to be a positive agent of change, within the country, regionally and internationally, by collaborating with Birmingham City University, UK, IMI University Center in Switzerland, and other internationally reputed academic institutions to draw upon their vast experience and track record in operating in multi-national and multi-cultural academic settings.<br />\r\n<br />\r\nThe main aim of offering international programs in Nepal is to transform Nepalese institutions of higher education into outstanding seats of learning, equipped to foster high-quality education, scholarship and research, to produce enlightened citizens with strong moral and ethical values. AITM is building strategic alliances with reputable academic institutions in Asia and beyond to offer international academic programs, which can attract not only students from within the country but from Asia and beyond. AITM is currently offering Bachelor in International Tourism and Hotel Management in affiliation with IMI University Centre, Switzerland. We are currently offering IMBA and BSc.(Hons) CIT programs in affiliation with Birmingham City University, UK.', 'From the very start of its academic operations, AITM has striven to become a CENTRE OF ACADEMIC EXCELLENCE, so as to deliver high quality academic programs which produce critical and enlightened thinkers, who are not only able to think “locally” but also compete globally. In pursuit of this, AITM has been offering the Bachelor of International Hotel and Tourism Management (BHM) in collaboration with the world reputed IMI, Switzerland, one of the most reputed hotel management schools in the world. From the coming academic session, AIT will offer the International MBA program and B. Sc (Hons) Information and Communication Technology of Birmingham City University (BCU), UK, one of the reputed universities in the world. To ensure that our students will be as good, if not better, than their peers in foreign universities, all efforts have and will be made to make the academic programs offered by AITM “unique” and enjoyable. Our students will get an opportunity to enjoy their “educational journey” through “value-added” inputs from distinguished professionals/ practitioners from within and outside the country.<br />\r\n<br />\r\nOur commitment to achieve excellence is to cater to the innate urge of all people to learn, so aptly described by the great Greek Philosopher, Aristotle, who rightly stated “All human beings, by nature, desire to learn”. The end purpose of education is to produce “good men who act nobly” so appropriately stated by another famous Greek Philosopher, Plato, who stated “Education makes good men, and good men act nobly”. The great Walt Disney rightly stated “All our dreams can come true – if we have the courage to pursue them.”  AITM intends to exhibit the courage to not only pursue but actually achieve the dream of becoming an internationally acclaimed “center of academic excellence”, known for its academic rigor, high academic standards as well as scholarly research and development activities.', 'Three decades of proven track records with both national and international experiences<br />\r\nTrack of operations in multi national and multi cultural academic settingsspeaking and graphic designing<br />\r\nPlacement cell<br />\r\nIndustry connections<br />\r\nHigh quality education with scholarship, research, ethical and moral values<br />\r\nResearch, Leadership development centres<br />\r\nDigitally empowered College', 'BSc (Hons) Computing and Information Technology<br />\r\nInternational Masters of Business Administration<br />\r\nBachelor in International Hotel and Tourism Management', '9849449503 , 9818414682', 'enquiries@aitm.edu.np', 'https://aitm.edu.np/', 'Khumaltar, Lalitpur', '<iframe src=\"https://www.google.com/maps/embed?pb=!1m18!1m12!1m3!1d3533.9533340418066!2d85.32991057536724!3d27.656915476211474!2m3!1f0!2f0!3f0!3m2!1i1024!2i768!4f13.1!3m3!1m2!1s0x39eb1760455cc961%3A0x1615dc7bfb263b2d!2sAITM%20College%20(Asian%20Institute%20of%20Technology%20and%20Management)!5e0!3m2!1sen!2snp!4v1684979481181!5m2!1sen!2snp\" width=\"600\" height=\"450\" style=\"border:0;\" allowfullscreen=\"\" loading=\"lazy\" referrerpolicy=\"no-referrer-when-downgrade\"></iframe>', 'aitm.png', 'International');
INSERT INTO `college_data` (`collegeId`, `name`, `overview`, `message`, `reason`, `program`, `phone`, `email`, `website`, `address`, `location`, `logo`, `affiliation`) VALUES
(15, 'South Asian Institute of Management (SAIM)', 'South Asian Institute of Management (SAIM) is located at Old Baneshwor, Kathmandu. It is an independent academic institution established in 2005 to provide need-based management education.<br />\r\n<br />\r\nThe college focuses on management development, research, and consultation to facilitate the growth and development of managers, entrepreneurs, and business leaders in South Asia as it is emerging as the most dynamic Asian regional economic center for global trade, investment, and technology innovation. SAIM offers MBA (Global Business) and BBA programs under affiliation with Pokhara University, established to provide world-class management education and training to meet the demands and needs of the nations, regionally as well as globally.<br />\r\n<br />\r\nOne of the significant strengths of SAIM College is its faculty members, who are well-qualified and experienced with adequate exposure to their areas and remain constantly updated on their expertise through research, consulting, and training. The faculty aims to help the students explore the latest management thinking, so they gain knowledge, skills, and insight into all critical areas of general management. Inviting CEOs as visiting faculty from business houses and reputed academic institutions from home and abroad to share their experiences with the students and provide them practical insight into managerial problems is a common practice at SAIM.', 'We at SAIM are providing rigorous training to prepare our students to become successful managers and entrepreneurs. We encourage internalized learning through the modern and well-accepted teaching methods using business cases and analytical techniques applicable worldwide to make our students proficient in extending these concepts to the real world. We believe firmly that our highly committed and outstanding faculty with a combination of education and business experience imparts relevant and contemporary knowledge to our students. This knowledge can be fully utilized not only in Nepal but in the entire South Asian region where rapid economic growth and the enormous population presents immense potential in the coming decades', 'Supports the overall development of students by engaging them in various activities relating to business, sports, culture, and careers.<br />\r\nAims to help graduates identify the most appropriate career choice.<br />\r\nConsidering the personality and interest, and to assist them in making a successful transition from school to the actual job market.<br />\r\n', 'Bachelor of Business Administration<br />\r\nMBA (Global Business)', '01-4574747', 'info@saim.edu.np', 'https://saim.edu.np/', 'Old Baneshwor, Kathmandu', '<iframe src=\"https://www.google.com/maps/embed?pb=!1m18!1m12!1m3!1d3532.544783833432!2d85.33652427536882!3d27.700461076186485!2m3!1f0!2f0!3f0!3m2!1i1024!2i768!4f13.1!3m3!1m2!1s0x39eb1999ce231acd%3A0xa2299291f16aff4d!2sSAIM%20College!5e0!3m2!1sen!2snp!4v1684979994951!5m2!1sen!2snp\" width=\"600\" height=\"450\" style=\"border:0;\" allowfullscreen=\"\" loading=\"lazy\" referrerpolicy=\"no-referrer-when-downgrade\"></iframe>', 'saim.png', 'PU'),
(16, 'Softwarica College of IT and E-commerce', 'Softwarica College is a pioneer in introducing British Education in Nepal. Established in 2010, the college has crossed significant milestones in this short span of time. This is evident by the fact that the student number has already crossed 400 and is becoming very popular among students who aspire to gain a British Qualification. Softwarica College is one of the Best IT Colleges in Nepal for student satisfaction in terms of course delivery and other academic resources.<br />\r\n<br />\r\nThe college is an avid follower of education based on a practical approach. It recognizes the fact that in order to be successful in finding a rewarding career, real-life skills are also essential. For this reason, classes are held on personality development, presentation skills, and public speaking skills. This combination of both academic and real-life skills would thus help students towards their holistic development. With a view to providing real-time work experience right after the completion of the first year, students are provided with internship opportunities with renowned Companies in Nepal. Similarly, after the completion of second-year students are placed in various companies in Nepal and abroad in positions according to their skill level. Hence, by the time a student graduates, he/she would have more than one year of real-time work experience facilitating them to seek positions in the middle level in companies both at home and abroad. With state-of-the-art computer labs, well-equipped technical and networking labs, a library with an exhaustive collection of books on IT and Business, local and international experts on teaching faculties, Softwarica College is truly an ideal place to hone students’ skills and gain an internationally recognized qualification.', 'Softwarica College of IT and E-Commerce commenced in the year 2010 with a vision to provide globally recognized education complementing with practical skills to Nepali students for them to be able to compete in the global landscape. Up until recently, we are exporting unskilled labour but I believe we should be able to export products and services powered by technology in the coming decade. For this, we need to invest in human capital to be able to produce knowledge workers and this is where Softwarica plays a key role in the private sector. I am confident that this initiative will be supported and complemented by the government too.<br />\r\n<br />\r\nI welcome all prospective students to join our college and learn the latest industry focused IT curriculum to build your strong career with an advantage of a British Degree globally recognized by employers around the world which you will carry along through your life time.', 'Join Softwarica College as a part/full-time employee.<br />\r\nBuild your direct network through industry visits.<br />\r\nUpgrade your personality from the mentorship program and individual student support.<br />\r\nEmbrace your sportsmanship from ECA and outdoor activities.<br />\r\nBe familiar with the global practice through networking with 2000+ graduates working around the globe.<br />\r\nGet placed nationally and internationally.<br />\r\nFind the better version of yourself by learning, growing, and exploring.', 'BSc (Hons) Ethical Hacking and Cybersecurity<br />\r\nBSc (Hons) Computing<br />\r\nMSc Data Science and Computational Intelligence', '01-4441577, 01-4425661', 'hello@softwarica.edu.np', 'https://softwarica.edu.np/', 'Dillibazar, Kathmandu', '<iframe src=\"https://www.google.com/maps/embed?pb=!1m18!1m12!1m3!1d3532.3609923548934!2d85.32740427536902!3d27.70613837618334!2m3!1f0!2f0!3f0!3m2!1i1024!2i768!4f13.1!3m3!1m2!1s0x39eb190a74aa1f23%3A0x74ebef82ad0e5c15!2sSoftwarica%20College!5e0!3m2!1sen!2snp!4v1684980273922!5m2!1sen!2snp\" width=\"600\" height=\"450\" style=\"border:0;\" allowfullscreen=\"\" loading=\"lazy\" referrerpolicy=\"no-referrer-when-downgrade\"></iframe>', 'softwarica.png', 'International');

-- --------------------------------------------------------

--
-- Table structure for table `course_data`
--

CREATE TABLE `course_data` (
  `courseId` int(11) NOT NULL,
  `affiliation` varchar(55) NOT NULL,
  `field` varchar(100) NOT NULL,
  `title` varchar(100) NOT NULL,
  `abbreviation` varchar(55) NOT NULL,
  `content` text NOT NULL,
  `eligibility` text NOT NULL,
  `job` text NOT NULL,
  `career` text NOT NULL
) ENGINE=InnoDB DEFAULT CHARSET=utf8mb4 COLLATE=utf8mb4_general_ci;

--
-- Dumping data for table `course_data`
--

INSERT INTO `course_data` (`courseId`, `affiliation`, `field`, `title`, `abbreviation`, `content`, `eligibility`, `job`, `career`) VALUES
(1, 'TU', 'Computer and Information Technology', 'Bachelor of Computer Application', 'BCA', 'Tribhuvan University has launched Bachelor of Computer Application (BCA) program from the academic year 2074/75. In the first phase, this program was launched in six (6) constituent campuses of Tribhuvan University and are allocated 35 seats each.<br />\r\nCurrently 120 colleges are running BCA program with the affiliation from Tribhuvan University. The BCA program of TU is of 4 years. The program runs on semester-system. It will be run under the faculties of Humanities and Social Sciences. The objective of the BCA program of Tribhuvan University is to produce high quality computer application users and developers. The program of study for Bachelor of Arts in Computer Application (BCA) is over a period of eight semesters (four academic years). The academic year begins in the September and February of each year. The medium of instruction and examination in the BCA program is English.', 'Minimum D grade in each subject of grade 11 and 12 with a CGPA 1.8 or more OR,<br />\r\nMinimum score of second division marks in 10+2, PCL, or equivalent in any discipline OR,<br />\r\nStudents who have passed grade 11 and are waiting for grade 12 results can also apply. However, they have to submit all the required documents at the time of admission.', 'BCA graduates can apply for a post of system analysts, system managers, project managers, database administrators, system designers and programmers in IT Companies. Information industries and manufacture industries are always seeking for BCA graduates. Students completing their Bachelor\'s degree in Computer Application are further eligible to study in any faculties which come under the Management and Information Technology such as MCA, MIT, MBA and many more. ', 'Network and Computer Systems Administrators<br />\r\nComputer Support Specialists<br />\r\nComputer Systems Analysts<br />\r\nComputer and Information Systems Managers<br />\r\nIT Officer'),
(2, 'TU', 'Computer and Information Technology', 'BSc Computer Science and Information Technology', 'BSc. CSIT', 'Bachelors of Science in Computer Science and Information Technology (BScCSIT) is a four-year course affiliated with Tribhuvan University designed to provide the student with all sorts of knowledge in the field of Information Technology and Computing. Currently 60 Colleges offers B.Sc CSIT program in Nepal.<br />\r\nBSc CSIT program involves, in addition to conventional lectures, a great deal of practical and project works. The program develops the underlying principles of both Computer Science and Information Technology and shows how these principles can be applied to real world problems. This program develops the skills that are essential for both computer professionals and IT specialists. The design and implementation of B.Sc. CSIT course offers new challenges when compared to the traditional computing environment. The recent emergence of global business, new technologies for data processing and data communication/networking environment, equip specialized science graduates to focus on professional careers in Information Technology. The B.Sc. CSIT program provides the students with adequate theoretical and practical knowledge which will enable students to effectively participate in solving the complex problem of the IT industry.', 'Should have secured a minimum of second division in their +2 or equivalent OR should have secured at least C in all subjects in Grade 11 and Grade 12 by taking Physics and Mathematics of 100 marks OR,<br />\r\nPassed A level in Science (have studied Physics and Mathematics of 100 marks) and passed at least in D Grade OR,<br />\r\nPassed 3 Years Diploma in Engineering program from CTEVT taking both Physics and Mathematics.', 'CSIT graduates can apply for a post of software developer, web developer, network administrator, database administrator, cryptographer, ergonomics program designer, system analyst and more in IT Companies. Information industries and manufacture industries are always seeking for CSIT graduates. Students completing their Bachelor\'s degree in Computer Science and Information Technology are further eligible to study in any faculties.', 'Computer programmer<br />\r\nComputer Scientists<br />\r\nSoftware Developers<br />\r\nComputer Support Specialists<br />\r\nComputer Systems Analysts<br />\r\nDatabase Administrators<br />\r\nWeb Designers<br />\r\nComputer-Control Programmers and Operators<br />\r\nDesktop Publishers<br />\r\nComputer and Information Systems Managers<br />\r\nWeb Administrator<br />\r\n​ IT Officer'),
(3, 'TU', 'Computer and Information Technology', 'Bachelor of Business Management', 'BBM', 'The BBM program of Faculty of Management, Tribhuvan University is an industry-based management course that prepares the students to develop critical and analytical skills with in-depth knowledge about different aspects of the business. It nurtures skills like entrepreneurship, interpersonal skills, leadership skills that help the graduates in getting better job opportunities and career development. It is, therefore, designed for aspiring business leaders and managers of the future. The BBM graduates are equipped with the necessary knowledge, skills, and self-confidence to assist in effective and successful management, within a constantly changing and highly competitive national and global business environment. This course has been designed with the objective of producing middle-level managerial manpower in the sectoral areas.<br />\r\n<br />\r\nStudents who want to enroll in BBM Program must pass the CMAT examination. More than 50+ Business Schools of Nepal offer Bachelor of Business Management (BBM) program with affiliation from Tribhuvan University. ', 'Minimum D+ grade in each subject of grade 11 and 12 with CGPA 1.80 or more OR,<br />\r\nSecured at least second division in the 10+2, PCL, or equivalent program.', 'Information Systems Managers<br />\r\nHuman Resource Managers<br />\r\nFinance Managers<br />\r\nBusiness Management professional<br />\r\nBusiness Researcher<br />\r\nResearch and Development Managers<br />\r\nMarketing Managers', ''),
(4, 'TU', 'Engineering', 'Bachelor of Civil Engineering', 'BE Civil', 'Bachelor of Civil Engineering (BE Civil) is a four-year, eight-semester program of Tribhuvan University. Currently, 14 Engineering Colleges of Nepal offers Bachelor of Civil Engineering (BE Civil) course with affiliation from Tribhuvan University. Total number of BE Civil seats at TU is 1369.<br />\r\n<br />\r\nCivil engineering is a professional discipline that deals with the planning, design, construction and maintenance of physical and natural environments. It involves construction and maintenance works of physical infrastructures, bridges, roads, canals, dams, buildings, urban planning etc. Civil Engineering is constantly evolving with the advent of technology and new materials. It has led to significant improvements in the understanding of how structures behave and economy varies in construction.', 'In case of Letter Grading System, students should have secured minimum \"C\" Grade in all subjects in Grade 11 and 12 OR,<br />\r\nMinimum score of 45% in I. Sc. or 10+2 (physical group or biological group with 2 paper mathematics) or diploma in engineering or an equivalent course.', 'Civil Engineers', ''),
(5, 'TU', 'Management', 'Bachelor of Business Administration', 'BBA', 'The Bachelor of Business Administration (BBA) aims at educating students and preparing them for handling managerial positions to start a professional career in business or public management. It will enable them to take over responsible positions in domestic and global business organizations with modern impersonal skills and technical know-how of the recent trends in global business.<br />\r\n<br />\r\nIt is designed to provide students with a better and broader perspective of the world, society, business, and life by combining the study of social sciences and humanities with the study of business and management. The curriculum is built on four targeted learning competencies for starting a career in management and pursuing advanced management knowledge. This BBA program will develop positive attitudes, abilities, and practical skills that are needed for a competent and responsible manager, and the program will work as a foundation for master\'s studies in management. Currently, 48+ Business School offers BBA program in affiliation with Tribhuvan University in Nepal.', 'Minimum D+ grade in each subject of grade 11 and 12 with CGPA 1.80 or more OR,<br />\r\nSecured at least second division in the 10+2, PCL or equivalent program.', 'Government Accountants and Auditors<br />\r\nLoan Officers and Counselors<br />\r\nManagement Accountants and Internal Auditors<br />\r\nFinancial Managers<br />\r\nTax Examiners, Collectors, and Revenue Agents<br />\r\nAdministrative Services Managers<br />\r\nHuman Resources Managers<br />\r\nLodging Managers<br />\r\nAdvertising, Marketing, and Public Relations Managers', ''),
(6, 'TU', 'Engineering', 'Bachelor of Computer Engineering', 'BE', 'Bachelor of Computer Engineering is a four-year, eight-semester program of Tribhuvan University. Fourteen (14) Engineering Colleges of Nepal offers Bachelor of Computer Engineering (BE Computer) course with affiliation from Tribhuvan University. Total number of BE Computer seats at Tribhuvan University is 710.<br />\r\n<br />\r\nComputer Engineers design and develop the application of computer systems. Majority of computers are used as components within other systems such as audio-visual players, engine management systems, aircraft navigation systems, and automatic control systems. This programme is intended to produce skilled, qualified human resource that works for software development, network design and implementation, hardware and software troubleshooting, network security policies, etc', 'In case of Letter Grading System, students should have secured a minimum \"C\" Grade in all subjects in Grade 11 and 12.', 'Computer Scientists<br />\r\nComputer Hardware Engineers', ''),
(7, 'International', 'Computer and Information Technology', 'BSc (Hons) Computer Networking and IT Security', 'BSc. CNIT', 'This course is based on the most up-to-date cyber security and networking principles. The curriculum prepares you to work as a telecommunications and computer networking specialist, with a focus on network security. The CISCO-based program stresses networking fundamentals, switching and routing principles, and wireless elements, as well as an understanding of enterprise-level security solutions. The AWS platform is used in the cloud computing course. You will be introduced to networks, the principles of cyber security, ethical hacking, and the related professional issues, ethics, and computer law in order to provide a firm foundation in the field of cyber security. The comprehensive curriculum focuses on professional and personal growth, prepares students to compete and succeed in their careers. Students have a better possibility of gaining better career possibilities with Islington\'s University partner, London Metropolitan University, as well as instructional methodologies.', 'NEB +2 overall aggregate of 2.2 CGPA (55%) or above with each subject (theory and practical) grade D+ or above, and SEE Mathematics score of C+ (50%) or above OR,<br />\r\nFor A-Levels, a minimum of 3.5 credits and at least a grade of D and above.', 'Computer programmer<br />\r\nComputer Support Specialists<br />\r\nComputer Systems Analysts<br />\r\nComputer and Information Systems Managers<br />\r\nNetwork and Computer Systems Administrators<br />\r\nComputer-Control Programmers and Operators', ''),
(8, 'International', 'Management', 'Bachelor Degree in Accounting & Finance', 'BAF', 'The course has been constructed in accordance with the Quality Assurance Agency for Higher Education\'s subject benchmark statement for Accounting (2019). Its goal is to provide a program that focuses on accounting and finance and how they relate to the corporate world. The course lays the conceptual groundwork for a professional or managerial career by assisting you in analyzing contemporary accounting and finance difficulties in a quickly changing company environment. This highly vocational course will provide students with marketing knowledge and skills that can be applied in many different sectors. The course takes a progressive and critical approach to the ways in which organizations identify and respond to their customers’ needs by exploring essential marketing concepts and tools and showing how to apply them successfully and effectively.', 'NEB +2 overall aggregate of 2.2 CGPA (55%) or above with each subject (theory and practical) grade D+ or above, and SEE Mathematics score of C+ (50%) or above OR,<br />\r\nFor A-Levels, a minimum of 3.5 credits and at least a grade of D and above.', 'Management Accountants and Internal Auditors', ''),
(9, 'International', 'Computer and Information Technology', 'BSc (Hons) Computing', 'BSc. Computing', 'The BSc (Hons) Computing programme at The British College is run in partnership with Leeds Beckett University, UK. Students studying this course will gain highly sought-after skills in computer programming, database development, networking, website development, systems modeling, and computer security. This course is equivalent to BSc CSIT and BIT in Nepal. These are vital skills for gaining entry into organisations which demand confident and technically equipped computing graduates. Students will have the opportunity to work on real-world projects, focusing on a specialist areas of their choice, including: web technology, network and communications, database or software development.', '10+2/CBSE or equivalent 55% and above aggregate score OR,<br />\r\nA Level - Minimum 3.5 credits with 3 full credits.', 'Software developers or engineers<br />\r\nWeb developers<br />\r\nDatabase developers or administrators<br />\r\nNetwork architects and technicians', ''),
(10, 'International', 'Management', 'BSc (Hons) International Business Management', 'BSc. IBM', 'International business has been a big phenomenon in terms of increasing global knowledge and experience. Organizations are expanding their horizons in order to compete in the global economy. Experts who can create multinational strategies to work across cultural barriers are needed by these organizations. The most significant themes in international business are covered in this program, including emerging markets, globalization, the role of trust, and comparing markets and business conditions in other nations. International Business Management incorporates global corporations and their strategies, as well as how local businesses can adapt these entrepreneurial and inventive approaches to stimulate economic growth both within and outside the country.', 'Completion of NEB +2 Qualification with an aggregate ≥ 45% or 1.8 CGPA OR,<br />\r\nFor A-Levels, a minimum of 3.5 credits and at least a grade of D and above.', 'Human Resources Managers<br />\r\nLodging Managers<br />\r\nFinancial Managers<br />\r\nAdministrative Services Managers<br />\r\nAdvertising, Marketing, and Public Relations Managers<br />\r\nIndustrial Production Managers<br />\r\nLabor Relations Managers', ''),
(11, 'TU', 'Humanities and Social Sciences', 'Bachelor of Arts', 'BA', 'Tribhuvan University has launched four-year bachelor’s course in BA from the academic year 2076/077 under the  Faculty of Humanities and Social Sciences. It is the inter-disciplinary subjects where students can study Compulsory English, Anthropology, Geography, History Sociology, Psychology, Economics, Nepal Bhasa, Culture, Rural Development, Social Work, Film Studies, Hindi, Nepali Linguistics and Population Studies within the same stream. <br />\r\n<br />\r\nThe four-year course is of 2,000 marks (500 marks each year) and students can choose two subjects of 700 marks each as their majors and two subjects of 100 marks each as elective subjects. There will be three compulsory subjects — English, Nepali and Nepal Studies. English will be of 200 marks, Nepali 100 marks and Nepal Studies 100 marks. English has been made compulsory in the first and third years, while Nepali will be compulsory in the second year. The students will be evaluated on the basis of written examinations of 70 marks, while 30 marks will be for internal assessment, including mini project, classroom presentation and teamwork for each subject.', 'Students should have secured at least D+ in all subjects in Grade 11 and Grade 12 OR,<br />\r\nMust have completed the intermediate, Proficiency Certificate or 10+2 level, in Humanities or Science or Management Stream from Tribhuvan University or from any other University or Board recognized by Tribhuvan University.', 'Social-work Activist<br />\r\nNGO, INGO and Government Organization Officer', ''),
(12, 'TU', 'Science and Technology', 'BSc Physics', 'BSc. Physics', 'B.Sc Physics is a four year annual program of Tribhuvan University. Tribhuvan University started 4 years Bachelor of Science in Physics (B.Sc Physics) from 2012 AD. Physics is one of the most fundamental of all sciences, and is the basis of our scientific knowledge of the physical world. It seeks to explain the behaviour of matter, time and space in the universe and covers phenomena ranging from subnuclear interactions to cosmological events like the Big Bang. The traditional B.Sc. degree in Physics is centred on understanding scientific fundamentals and it is through this basic approach that advances in scientific knowledge and technological innovations have been made. Currently Ten college are offering B.Sc Physics in Nepal. View the college name in the right side bar.', 'Must have completed 10+ 2 or equivalent securing minimum \'C\' grade in all subjects of Grade 11 and 12 with 200 Full Marks of Mathematics.', 'Physicists and Astronomers', ''),
(13, 'PU', 'Health Professional Education', 'Bachelor of Pharmacy', 'B Pharm', 'Bachelor of Pharmacy is a four-year, 8-semester program of Pokhara University. Various colleges offer Bachelor of Pharmacy (B Pharm) courses with affiliation from Pokhara University.<br />\r\n<br />\r\nPharmacy is the science concerned with therapeutic substances - their discovery, origin and nature, their development into medicines, and their use in disease prevention and treatment. The pharmacy also denotes the profession which uses its unique knowledge of medicines in the service of society. The Bachelor of Pharmacy degree is designed to provide graduates with the core skills and knowledge required for effective delivery of pharmaceutical care and the ability to proceed to research. The degree covers the study of the chemical, physical, pharmaceutical, and pharmacological properties of medicinal substances and the application of these in the pharmacy profession. Pharmacy is one of the main disciplines under Biomedical Sciences and the Pharmaceutical Industry. Pharmacy is also related to health sciences. It is the profession responsible for the preparation, dispensing and appropriate use of medication that provides services to achieve optimal therapeutic outcomes. Pharmacists are concerned with the production of pharmaceutical products, development of the methods or processes of production, and quality control.', 'Must have studied Physics, Chemistry and Biology subjects with a minimum of 50% or 2.4 CGPA in the Proficiency Certificate Level or Grade 12 Science Group OR,<br />\r\nFor A-level or other similar programs with different grading systems should have studied Physics, Chemistry and Biology subjects and passed with a minimum of 50 percent or 2.4 CGPA.', 'Pharmacists', ''),
(14, 'TU', 'Agriculture, Forestry and Animal Sciences', 'BSc Forestry', 'BSc. Forestry', 'The Bachelor of Forestry Science is a four-year professional degree under Tribhuvan University. Forestry is an applied science that involves managing forest ecosystems within increasingly complex social environments. A challenging, demanding profession, forestry applies forest ecosystem sciences, management sciences, and communications skills to the conservation and management of forest resources to meet society\'s ever increasing needs for commodities, services, and a healthy environment.<br />\r\n<br />\r\nForesters are professional men and women who understand the many different aspects of managing natural and human elements of forest systems. Forestry requires a broad education. Biological and physical sciences provide the basis for evaluating the complex interactions of forest ecosystems. Social sciences provide understanding of how humans value forest conditions and forest-based products and services. Management sciences help foresters to match human needs and desires with the sustainable capabilities of forests.', 'Must have passed +2 in Science/A-level or equivalent dregree with at least 100 full-mark courses in Mathematics and Biology and a minimum of 50% marks in aggregate.', 'Foresters and Forestry Technicians<br />\r\nConservation Scientists', ''),
(15, 'TU', 'Management', 'Bachelor of Travel and Tourism Management', 'BTTM', 'Bachelor of Travel and Tourism Management (BTTM) is a four years\' full time semester system course of Tribhuvan University, designed to produce professional human resource for the dynamically growing travel and tourism sector of Nepal. Upon completion of the course, the student will be able to handle international tourist service operations including, handling, managing and planning tour, trek and rafting programs; domestic and international air ticketing; appreciate tourism development planning; implement sustainable tourism management policies; and be able to purser further advanced course in travel and tourism management. The BTTM programme has been designed to prepare the students to enter the hospitality industry as middle management level employees and to serve in travel and tourism sectors.', 'Must have passed 10+2 or equivalent examinations from recognized academic institute with second division (securing 45% and above) or 1.8 CGPA.', 'Tour officer<br />\r\nReservation officer/agent<br />\r\nTicketing Officer<br />\r\nSales Officer<br />\r\nTravel Manager', ''),
(16, 'KU', 'Management', 'Bachelor in Economics', 'B ECON', 'Economics is a field of study that deals with the production, distribution, consumption, and management of goods and services. The study of economics is central to the understanding of business, markets, trade, government policies, international issues, globalization, health, development, and environmental issues. It explores how decisions made by producers, distributors, consumers, businesses, and governments affect our society and contribute to our understanding of policy design and business strategy. <br />\r\n<br />\r\nBachelor in Economics (B-ECON) at Kathmandu University is a four-year degree course, designed for students intending to become qualified economists. The program is made for those students who want to make their careers in business, finance, international development, health, human resource management, marketing, management, and research. It is also for those students who aim to work in financial markets, commodity markets, education sector, government institutions, banking sector, manufacturing sector, and insurance companies. B-ECON prepares students to understand individual and group decision-making, the structure of markets and economies, and the relationship between regions within the global economy. Our teaching program emphasizes the value of working in teams and developing skills in communication, both oral and written', 'Applicants must have a 10+2 or equivalent degree in any discipline from a recognized institution with a minimum aggregate of 45 percent or 2.0 CGPA.', 'Economist<br />\r\nFinancial risk analyst<br />\r\nData analyst<br />\r\nFinancial planner<br />\r\nEconomic researcher', ''),
(17, 'TU', 'Agriculture, Forestry and Animal Sciences', 'BSc Agriculture', 'BSc. Agriculture', 'The aim of Bachelor of Science in Agriculture program is to train academically competent and practical oriented professional agriculturists. The B. Sc. Agriculture program is an eight semester (four-year) course after I. Sc. (Basic Science) or I. Sc. (Agriculture). In the first three years most of the courses are from basic core agricultural disciplines. In the fourth year, elective courses are offered to provide the students an opportunity to acquire knowledge and skills in the areas of their interest. Field practical’s, project works and study visits are part of the academic curriculum. The students must fulfill four years of residential learning to complete the requirements of B. Sc. Ag. curriculum.', 'Must have secured minimum 50% marks in aggregate from Tribhuvan University or from other recognized universities.', 'Agriculture Officer', ''),
(18, 'PU', 'Engineering', 'Bachelor of Software Engineering', 'BSE', 'Bachelors of Software Engineering program is a 4-year (8 semesters) 133 credit undergraduate engineering program. Graduates of this program possess knowledge and skills of a defined engineering approach to complex systems analysis, planning, design and construction. The program has a unique, project-driven curriculum, establishing a new model of communication, teamwork, critical thinking and professionalism. The goal of the program is to provide a professionally guided education in software engineering that prepares graduates to have a broad range of career options: industry, government, computing graduate program, and professional education.', 'Must have completed Class 12 examination of NEB or equivalent level from a recognized academic institution OR,<br />\r\nMust have studied at least one course (having at least 100 full marks or 5 credits) each in Physics, Chemistry and Mathematics.<br />\r\nMust have scored a minimum of 45% or a CGPA/GPA of 2.0 (in a scale of 4.0) and at least Grade C (in case of A-level, at least Grade D) or 45% in each subject (Physics, Chemistry, and Mathematics).', 'Programming specialists<br />\r\nApplication developers<br />\r\nInternet developers<br />\r\nSystem and software programmers<br />\r\nArchitects, consultants and developers.', ''),
(19, 'TU', 'Agriculture, Forestry and Animal Sciences', 'BSc Horticulture and Floriculture Management', 'BSc. HFM', 'Commercial horticulture is big business in developed countries. There are garden centres in nearly every town and huge public interest in gardening, garden design and plantings. While commercial horticulture includes the production of fruit, vegetables, flowers and plants of all types, floriculture, as a specialism of commercial horticulture, concentrates on the production and management of ornamental crops. These include bulbs, cut flowers and foliage, houseplants, dried flowers and grasses.<br />\r\n<br />\r\nThis unique course has a strong scientific approach, with an emphasis on product development, post-harvest improvement and business management. The purpose of this program is to offer students the opportunity to prepare themselves for a wide variety of careers, entrepreneurship, exploratory enterprises or continue education in the related field by developing both their technical and interpersonal skills. This program is introduced with the conviction that it will contribute by large to the development and promotion of the economy of Nepal and the adjoining regions. In addition, this program focuses on the assess, effectiveness and efficiency of management practices in the related field. ', 'Must have passed in second division I.Sc. or 10+2 (science) and certificate level of Forestry, ie. I.Sc forestry, I.Sc agriculture.', 'Horticulturist or Floriculturist<br />\r\nLandscape Designer<br />\r\nAgricultural Consultant', ''),
(20, 'TU', 'Management', 'Bachelor of Business Studies', 'BBS', 'The objective of the BBS programme of Tribhuvan University at the FOM is to develop students into competent managers for any sector of organized activity. The programme is based on the principle that graduates will spend a major portion of their life in a constantly changing environment. Therefore, the student should have an  opportunity to obtain a broad knowledge of the concepts and reality- based skills underlying the operation and management of organizations. In Nepal more than 680 colleges offer BBS program. Upon graduation, students should be equipped to function as a manager in business, industry and government. The graduate should also have a variety of career opportunities in different sectors of business including entrepreneurship and create much needed jobs for others. ', 'Must have passed 10+2 or equivalent examinations with second division (securing 45% and above) or 1.8 CGPA.', 'Administrative Assistants and Secretaries<br />\r\nFinancial Managers<br />\r\nFinancial Clerks<br />\r\nHuman Resources Assistants<br />\r\nFinancial Analysts<br />\r\nAdministrative Services Managers<br />\r\nHuman Resources Managers', ''),
(21, 'TU', 'Law', 'Bachelor of Arts Bachelor of Laws', 'BALLB', 'In order to make legal education compatible with changed national and international context, Tribhuvan University, Faculty of law has introduced five years (BALLB) courses from 2010. The course basically aims to enrich law students with comprehensive theoritical and practical knowledge in indigenous as well as foreign legal traditions, lawyering skills, and research to meet the challenges of the age.<br />\r\n<br />\r\nNepal Law Campus has a five year B.A.LL.B. Programme. This programme is conducted in full fees scheme as self sustained programme. The language of instruction and examination is exclusively English. This is a complete and full time five years course. Students must be dedicated & be regular in whole five years course and must be presented in each class. Minimum 80 % attendance is must to attain the final exam. Classes will be conducted in day time. A teaching period is of 1 hour for each subject. The number of classes shall be of 4 hours for 100 marks and 2 hours for 50 marks subjects per week.<br />\r\n<br />\r\nTeaching strategies consist of lecture, case study, discussion, question-answer, problem solving, research, seminar, workshop, tutorial and self-study. The important feature of teaching include inter-disciplinary approaches, participatory and instructional materials include power point, overhead projector, white board, note books, teaching guides, case materials etc as required. Annual examination system is applied for this programme.', 'Must have completed Higher Secondary Level Education (10+2), PCL or equivalent level.<br />\r\nMust obtain 100 marks in entrance exam.', 'Lawyer/Advocate<br />\r\nParalegals', ''),
(22, 'KU', 'Health Professional Education', 'BSc Medical Biochemistry', 'BSc MB', 'Bachelors of Science in Medical Biochemistry (B.Sc. Medical Biochemistry) is an eight semesters and four year course. The program focuses mainly on medical biochemistry. Biochemistry is at the core of all modern biology. Advances in areas as diverse as medicine, plant breeding and industrial biotechnology are dependent on a firm understanding of the underlying metabolic processes.<br />\r\n<br />\r\nThe course in biochemistry aims to provide a solid grounding in the fundamentals of metabolism and molecular Biology leading to a study of the application of this knowledge in the real world, this applied focus of the course equips students for careers not only in education and research but also in the different setting of health care.', 'Must have minimum 2.4 GPA in aggregate; minimum \"C+\" Grade in Physics, Chemistry and Biology and minimum \"C\" grade in other subjects OR,<br />\r\nMust have completed 10+2 years of education or equivalent with minimum of 50% marks in aggregate and not less than 50% of marks in each subjects of Physics, Chemistry and Biology (PCB).', 'Chemists and Materials Scientists', ''),
(23, 'KU', 'Science and Technology', 'BSc in Computational Mathematics', 'BSc. CM', 'B.Sc in Computational Mathematics is offered in Department of Mathematics of Kathmandu University. This interdisciplinary program mostly sits at the intersection of Mathematics and Computer Science. In this program, students will gain rigorous mathematical knowledge and develop efficient computational skils to break down every complex real-world problems.<br />\r\n<br />\r\nStudent enrolled in this program will be exposed to wide range of problems in Science, Engineering, Technology and Industries. Graduates of this program will be able to deploy a wide range of mathematical and computational techniques effectively and efficiently to solve the problems. The programs enhances and maintains the relevant software tools; and communicates results of complex modeling and simulation to end-users.<br />\r\n<br />\r\nKathmandu University has launched B.Sc in Mathematics with specialization in Computer in 199 and as a continuation of this program KU has started B.Sc in Computational Mathematics since 2017 with updated curriculum structure for the first time in South Asia. It is a degree which prepares a student either for direct employment in industries or for higher studies in Mathematics and IT fields after graduation.', 'Must have completed 10+2 (or equivalent) examinations with minimum of 50% marks in aggregate and 50% in Physics, Chemistry and Mathematics (PCM) or Physics, Mathematics and Computer Science (PMCs) OR, <br />\r\nMust have minimum 2.4 GPA in aggregate and minimum C+ in Physics, Chemistry and Mathematics (PCM)  or Physics, Mathematics and Computer Science (PMCs) and minimum C in other subjects. ', 'Industries (IT & Software)<br />\r\nAcademic Institutes/ Research Centers<br />\r\nFinancial Sectors<br />\r\nData Scientist<br />\r\nHigher Studies in Mathematics and IT related fields', ''),
(24, 'PU', 'Science and Technology', 'Bachelor in Food and Dairy Technology', 'BFDT', 'Bachelor in Food/Dairy Technology is a 4 year, 8 semester academic program of Purbanchal University. Food Technology is the application of food science to the selection, preservation, processing, packaging, distribution, and use of safe, nutritious, and wholesome food.<br />\r\n<br />\r\nFood scientists and food technologists study the physical, microbiological, and chemical makeup of food. Depending on their area of specialisation, food technologists may develop ways to process, preserve, package, or store food, according to industry and government specifications and regulations. It covers topics such as food microbiology, food chemistry, food engineering, dairy science, and quality control. Students learn about the latest techniques and technologies used in the food and dairy industry and gain hands-on experience through laboratory work and internships. Graduates of the program are prepared for careers in food and dairy production, quality control, product development, research and development, and food safety management.', 'Must have passed +2 Science/A level or Equivalent (with Physics, Chemistry, Biology, and English) from any recognized academic institution with a minimum of 45% marks or GPA 2.0 in aggregate.', 'Dietitians and Nutritionists<br />\r\nFood Service Managers', ''),
(25, 'KU', 'Health Professional Education', ' BSc Nursing', ' BSc. Nursing', 'B.Sc Nursing program aims to prepare competent B.Sc. nurses to function independently in multidisciplinary health fields, to provide care to the needy people of the community regarding the preventive and rehabilitative aspects of health.<br />\r\n<br />\r\nB.SC. Nursing program aims to prepare competent Bachelor of Science nurse graduate to function independently or in collaboration with multidisciplinary health team members in the care of individual, family, group, and community regarding preventive, promotive, curative, and rehabilitative aspects of health. Graduates function on the basis of the human healing process, holistic approach, and PHC perspective in nursing practice, education, administration and research.', 'Must have studied Physics, Chemistry and Biology from a recognized educational institution and passed with a minimum of 50 percent or 2.4 CGPA in the proficiency certificate level or Grade 12 Science group OR,<br />\r\nStudents from A-level or other similar programs with different grading systems should have studied Physics, Chemistry and Biology subjects and passed with a minimum of 50 percent or 2.4 CGPA.', 'Registered Nurses<br />\r\nNurses<br />\r\nAdvanced-Practice Nurses', ''),
(26, 'KU', 'Law', 'Bachelor of Economics and Bachelor of Law', 'BEc. LLB', 'Bachelor of Economics and Bachelor of Law (BEc LLB) is a newly launched program of Kathmandu University School of Law. BEc-LL.B is a five year full time study programme, with total academic load of 188 credit hours spread over 10 semesters.  BEc, LL.B program is a new discipline in Nepal aimed at creating lawyers able to work as specialists in the courts or outside. This will enable students to consider the legal implication of financial and economic dilemmas as well as the economic impact of new laws and regulations.<br />\r\n<br />\r\nThe legal component gives the same focus and strength in B.Ec-LL.B that has been given in the BBM-LL.B program. It meets all requirements of the professional undergraduate degree or Legum Baccalaureus. The students will be trained for taking the bar exam and proving analytical ability in advising or representing clients in the court system as a lawyer. It will meet all the prerequisites necessary for a general legal practitioner. They will also be equipped for many other rewarding career opportunities. In the legal profession, the BEc-LL.B degree holders can become law officers, in-house advisers, legal consultants, or court officers. Graduates may consider working in public administration, real estate management, corporate business, taxation or consultancy services. <br />\r\n<br />\r\nAs an integrated course, the BEc-LL.B program aims at creating a band of modern lawyers who are knowledgeable and skilled in the basics of economics as well. Law and economics as a single subject area is the economic analysis of law and its outcomes that sharpens skills of a lawyer. The study of economics as part of the legal education helps the law students to benefit from the understanding of production, consumption, and transfer of wealth while working in the private or public sector.', 'Must have passed 10+2 intermediate degree or its equivalent of at least two years duration in any discipline with a minimum GPA of 2.0 and minimum ‘C’ grade in all subjects.', 'Lawyer/Advocate<br />\r\nParalegals', ''),
(27, 'International', 'Management', 'BSc (Hons) Hospitality Business Management', 'BSc HBM', 'BSc (Hons) Hospitality Business Management is a franchise programme of Leeds Beckett University, with an integrated foundation year from winter 2020. The  programme aims to engage, enable, and challenge our students to become creative, entrepreneurial, and critically informed dynamic graduates who can excel in their chosen field of work or progress to further study within hospitality business management. Central to this course is the strong link between theory and practice, with carefully designed authentic assessments, maintaining student‐tutor interaction at the heart of the student experience.', 'Foundation Entry: 10+2/CBSE or equivalent 55% and above aggregate score A Level - Minimum 3.5 credits with 3 full credits.<br />\r\nUniversity Entry: Overall 75% & above with a minimum of 70% in English or IELTS Score of 6.0 with no less than 5.5 in any band.', 'With a hospitality background, the students can branch out into the larger service industries. Students will have a valuable, customer-pleasing skill set that opens doors to a broad range of companies. The luxury industry is growing strong o­ffering students many opportunities industry where students can work their way up and work in/with the world’s most exclusive brands.', 'Conference Centre Manager<br />\r\nAccommodation Manager<br />\r\nEvent Manager<br />\r\nHoliday Representative<br />\r\nBusiness Development Manager');

-- --------------------------------------------------------

--
-- Table structure for table `feedback_data`
--

CREATE TABLE `feedback_data` (
  `feedbackId` int(11) NOT NULL,
  `username` varchar(55) NOT NULL,
  `email` varchar(55) NOT NULL,
  `feedback` text NOT NULL
) ENGINE=InnoDB DEFAULT CHARSET=utf8mb4 COLLATE=utf8mb4_general_ci;

--
-- Dumping data for table `feedback_data`
--

INSERT INTO `feedback_data` (`feedbackId`, `username`, `email`, `feedback`) VALUES
(1, 'User', 'user@gmail.com', 'The system has great interaction design. Overall system is great.'),
(2, 'User', 'user@gmail.com', 'This system is good but can be much better.'),
(3, 'asdads', 'asdad@asda', 'asdad'),
(4, 'adsad', 'asdad@as', 'ada'),
(5, 'asdad', 'as@asd', 'asdda'),
(6, 'asdad', 'saa@asd', 'asdd');

-- --------------------------------------------------------

--
-- Table structure for table `institution_data`
--

CREATE TABLE `institution_data` (
  `institutionId` int(11) NOT NULL,
  `name` varchar(250) NOT NULL,
  `phone` varchar(55) NOT NULL,
  `email` varchar(55) NOT NULL,
  `password` varchar(255) NOT NULL,
  `role` varchar(55) NOT NULL DEFAULT 'institution',
  `status` varchar(100) NOT NULL
) ENGINE=InnoDB DEFAULT CHARSET=utf8mb4 COLLATE=utf8mb4_general_ci;

--
-- Dumping data for table `institution_data`
--

INSERT INTO `institution_data` (`institutionId`, `name`, `phone`, `email`, `password`, `role`, `status`) VALUES
(1, 'Kathford International College of Engineering and Management', '01-5201241', 'kathford@gmail.com', '$2y$10$rccZGPfa3hj1M1ZERvhk6OVJhgZkLmuO8vO6cdduf9QikjRBZcE/y', 'institution', 'Approved'),
(2, 'Islington College', '01-4512929', 'islington@gmail.com', '$2y$10$tnRv/HIFZYJj8qJTbmkERul.X97w1k5ZYSSr9rhCseahMWC5ZUrh2', 'institution', 'Approved'),
(3, 'St. Xavier\'s College', '01-4221365', 'stxavier@gmail.com', '$2y$10$Rc79HsozdyCFFbUxHOH4tOo010C5P3h53Fvmv.Mkdmpid7NzmnnoO', 'institution', 'Approved'),
(4, 'Naaya Aayam Multi-disciplinary Institute (NAMI) College', '01-4917441', 'nami@gmail.com', '$2y$10$Q41pRv9AFJwxWPcN14dtveYf7Lt5pWROImZHJ2Cs8NkeU0A8hCQKu', 'institution', 'Approved'),
(5, 'Herald College', '01-5970120', 'herald@gmail.com', '$2y$10$1GYrp4bf2wH8X1k2Y/oMf.AiOJhTiGjsqTy4sy6qXMn8t32VUNBbi', 'institution', 'Approved'),
(6, ' The British College', '01-5970003', 'british@gmail.com', '$2y$10$4Bw/CqIkiZx8q0KqHna27OrgvA4iiFzpd6rCsI48hGtsP4sXUABjm', 'institution', 'Approved'),
(7, 'Thames International College', '01-4464584', 'thames@gmail.com', '$2y$10$AkgQ9EJC6IPUZqUt01KzUeZPsw10yTHFWNULp/I8ZxZ5hw2SrOI7m', 'institution', 'Approved'),
(8, 'Triton International College', '01-5104450', 'triton@gmail.com', '$2y$10$jI1hShgC0EcmQfSyakiM9.Fe1tL8Fym56tyyTfTjh7L0p464O45vi', 'institution', 'Approved'),
(9, 'Quest International College', '01-5547669', 'quest@gmail.com', '$2y$10$yCbA/sZ2a9KhQrGkkyaib.kjGvFeelZXGY3/CKGzDFeHTLergqW/G', 'institution', 'Approved'),
(10, 'Mid-Valley International College', '01-4435188', 'midvalley@gmail.com', '$2y$10$LAJmXJ4jDSKYdttQFxKqHuk8wECQVEo2u0xDmoL6zgFKfqkbyLrDe', 'institution', 'Approved'),
(11, 'Institute of Management Studies', '01-4102250', 'ims@gmail.com', '$2y$10$mGR5.jaAk9bWW24cZcaXkuPyM3osdwh5pJUYHEXOosNQ4sKREbS2.', 'institution', 'Approved'),
(12, ' Kathmandu College of Management', '01-5201997', 'kcm@gmail.com', '$2y$10$gLCT/FAm1gxKvQHpVyonoeAOlBHu4cL6xBaEjiyO.1VaaB.Z5oCQy', 'institution', 'Approved'),
(13, 'Institute of International Management Science (IIMS)', '01-4537318', 'iims@gmail.com', '$2y$10$SON1DndJdrFhlspVSdrcTu17I7QYp.Ywj/psKBxL6gumiSHcwvkrC', 'institution', 'Approved'),
(14, 'Asian Institute of Technology and Management', '9849449503', 'aitm@gmail.com', '$2y$10$iFEiVKs5DIroUP36aikXz.DX.M2btiAyvSeHhZmeAgN5.VBPLlH1q', 'institution', 'Approved'),
(15, 'South Asian Institute of Management (SAIM)', '01-4574747', 'saim@gmail.com', '$2y$10$HMXPyMowu6AzPTdJzdHdpuo1VFh4r3sdVGdL1jFqJ1fvS9KnFo52y', 'institution', 'Approved'),
(16, 'Softwarica College of IT and E-commerce', '01-4441577', 'softwarica@gmail.com', '$2y$10$FDcmiwFIBm8DDb6lNxOHKO7qVZR65pZVBDlWoMeFSlD0uR4xUtlSK', 'institution', 'Approved');

-- --------------------------------------------------------

--
-- Table structure for table `user_data`
--

CREATE TABLE `user_data` (
  `userId` int(11) NOT NULL,
  `name` varchar(55) NOT NULL,
  `phone` bigint(20) NOT NULL,
  `email` varchar(55) NOT NULL,
  `password` varchar(255) NOT NULL,
  `role` varchar(55) NOT NULL DEFAULT 'user'
) ENGINE=InnoDB DEFAULT CHARSET=utf8mb4 COLLATE=utf8mb4_general_ci;

--
-- Dumping data for table `user_data`
--

INSERT INTO `user_data` (`userId`, `name`, `phone`, `email`, `password`, `role`) VALUES
(6, 'Test1', 9800000002, 'test1@gmail.com', '$2y$10$nxBFDEPP29Ol.u7UdNPJR.Mh4QCS7R550C0jn7fnWlb.eLpZ6q7y6', 'user'),
(7, 'User', 9800000000, 'user@gmail.com', '$2y$10$oRuj1dE9qEFWgAk9oVueaeobDlqOkcfy29JFazhvamAub.WDTCjgi', 'user');

-- --------------------------------------------------------

--
-- Structure for view `authentication`
--
DROP TABLE IF EXISTS `authentication`;

CREATE ALGORITHM=UNDEFINED DEFINER=`root`@`localhost` SQL SECURITY DEFINER VIEW `authentication`  AS SELECT `institution_data`.`name` AS `name`, `institution_data`.`email` AS `email`, `institution_data`.`password` AS `password`, `institution_data`.`role` AS `role` FROM `institution_data`union select `user_data`.`name` AS `name`,`user_data`.`email` AS `email`,`user_data`.`password` AS `password`,`user_data`.`role` AS `role` from `user_data`  ;

--
-- Indexes for dumped tables
--

--
-- Indexes for table `admin_data`
--
ALTER TABLE `admin_data`
  ADD PRIMARY KEY (`adminId`);

--
-- Indexes for table `admission_data`
--
ALTER TABLE `admission_data`
  ADD PRIMARY KEY (`admissionId`);

--
-- Indexes for table `chatbot`
--
ALTER TABLE `chatbot`
  ADD PRIMARY KEY (`id`);

--
-- Indexes for table `college_course`
--
ALTER TABLE `college_course`
  ADD PRIMARY KEY (`collegeId`,`courseId`),
  ADD KEY `courseId` (`courseId`);

--
-- Indexes for table `college_data`
--
ALTER TABLE `college_data`
  ADD PRIMARY KEY (`collegeId`);

--
-- Indexes for table `course_data`
--
ALTER TABLE `course_data`
  ADD PRIMARY KEY (`courseId`);

--
-- Indexes for table `feedback_data`
--
ALTER TABLE `feedback_data`
  ADD PRIMARY KEY (`feedbackId`);

--
-- Indexes for table `institution_data`
--
ALTER TABLE `institution_data`
  ADD PRIMARY KEY (`institutionId`);

--
-- Indexes for table `user_data`
--
ALTER TABLE `user_data`
  ADD PRIMARY KEY (`userId`);

--
-- AUTO_INCREMENT for dumped tables
--

--
-- AUTO_INCREMENT for table `admin_data`
--
ALTER TABLE `admin_data`
  MODIFY `adminId` int(11) NOT NULL AUTO_INCREMENT, AUTO_INCREMENT=3;

--
-- AUTO_INCREMENT for table `admission_data`
--
ALTER TABLE `admission_data`
  MODIFY `admissionId` int(11) NOT NULL AUTO_INCREMENT, AUTO_INCREMENT=26;

--
-- AUTO_INCREMENT for table `chatbot`
--
ALTER TABLE `chatbot`
  MODIFY `id` int(11) NOT NULL AUTO_INCREMENT, AUTO_INCREMENT=8;

--
-- AUTO_INCREMENT for table `college_data`
--
ALTER TABLE `college_data`
  MODIFY `collegeId` int(11) NOT NULL AUTO_INCREMENT, AUTO_INCREMENT=22;

--
-- AUTO_INCREMENT for table `course_data`
--
ALTER TABLE `course_data`
  MODIFY `courseId` int(11) NOT NULL AUTO_INCREMENT, AUTO_INCREMENT=28;

--
-- AUTO_INCREMENT for table `feedback_data`
--
ALTER TABLE `feedback_data`
  MODIFY `feedbackId` int(11) NOT NULL AUTO_INCREMENT, AUTO_INCREMENT=7;

--
-- AUTO_INCREMENT for table `institution_data`
--
ALTER TABLE `institution_data`
  MODIFY `institutionId` int(11) NOT NULL AUTO_INCREMENT, AUTO_INCREMENT=24;

--
-- AUTO_INCREMENT for table `user_data`
--
ALTER TABLE `user_data`
  MODIFY `userId` int(11) NOT NULL AUTO_INCREMENT, AUTO_INCREMENT=9;

--
-- Constraints for dumped tables
--

--
-- Constraints for table `college_course`
--
ALTER TABLE `college_course`
  ADD CONSTRAINT `college_course_ibfk_1` FOREIGN KEY (`collegeId`) REFERENCES `college_data` (`collegeId`),
  ADD CONSTRAINT `college_course_ibfk_2` FOREIGN KEY (`courseId`) REFERENCES `course_data` (`courseId`);
COMMIT;

/*!40101 SET CHARACTER_SET_CLIENT=@OLD_CHARACTER_SET_CLIENT */;
/*!40101 SET CHARACTER_SET_RESULTS=@OLD_CHARACTER_SET_RESULTS */;
/*!40101 SET COLLATION_CONNECTION=@OLD_COLLATION_CONNECTION */;
